USE haras;


-- ============================================================
-- POPULATE — Sistema de Haras
-- ============================================================
-- IMPORTANTE: este script deve ser executado DEPOIS de
-- inicializar_1_esquema.sql E scripts_3_trigger.sql já estarem
-- criados no banco. Assim, os próprios INSERTs abaixo passam
-- pelas triggers (RN01 a RN08) e o status do animal já é
-- atualizado corretamente pela trigger venda_trg.
-- Ainda assim, ao final, há um UPDATE de segurança que
-- sincroniza o status, caso o script seja rodado sem as
-- triggers ativas.
-- ============================================================

-- FUNCIONARIOS (6 registros — 3 veterinários habilitados a vacinar)
INSERT INTO funcionarios (cpf, nome, funcao) VALUES
('11111111111', 'Carlos Mendes', 'VETERINARIO'),
('22222222222', 'Ana Paula Souza', 'VETERINARIO'),
('33333333333', 'Marcos Vinícius', 'VETERINARIO'),
('44444444444', 'Roberto Lima', 'GERENTE'),
('55555555555', 'Fernanda Alves', 'TRATADOR'),
('66666666666', 'Juliana Prado', 'ADMINISTRATIVO');

-- VACINA (4 registros — 3 obrigatórias + 1 não obrigatória)
INSERT INTO vacina (nome, obrigatoria) VALUES
('Febre Aftosa', TRUE),
('Brucelose', TRUE),
('Raiva Bovina', TRUE),
('Clostridiose', FALSE);

-- FORNECEDOR (100 registros — ids 1 a 10 são ATIVO de propósito,
-- pois serão usados em fornecedor_vacina)
INSERT INTO fornecedor (cnpj, nome, telefone, status) VALUES
('10000000000001', 'AgroLife Brasil 1', '(65)900000001', 'ATIVO'),
('10000000000002', 'AgroVet MT 2', '(65)900000002', 'ATIVO'),
('10000000000003', 'RuralCare Center 3', '(65)900000003', 'ATIVO'),
('10000000000004', 'VetMax Brasil 4', '(65)900000004', 'ATIVO'),
('10000000000005', 'AgroLife Saúde Animal 5', '(65)900000005', 'ATIVO'),
('10000000000006', 'BioCattle Vet 6', '(65)900000006', 'ATIVO'),
('10000000000007', 'BoiTech LTDA 7', '(65)900000007', 'ATIVO'),
('10000000000008', 'AgroVet Brasil 8', '(65)900000008', 'ATIVO'),
('10000000000009', 'RuralCare Center 9', '(65)900000009', 'ATIVO'),
('10000000000010', 'PrimeCattle Vet 10', '(65)900000010', 'ATIVO'),
('10000000000011', 'AgroVet Saúde Animal 11', '(65)900000011', 'ATIVO'),
('10000000000012', 'RuralCare Saúde Animal 12', '(65)900000012', 'ATIVO'),
('10000000000013', 'BoiTech Center 13', '(65)900000013', 'ATIVO'),
('10000000000014', 'NutriVet Vet 14', '(65)900000014', 'INATIVO'),
('10000000000015', 'Campo Forte LTDA 15', '(65)900000015', 'ATIVO'),
('10000000000016', 'Pantanal Vet Solutions 16', '(65)900000016', 'ATIVO'),
('10000000000017', 'VetFazenda Care 17', '(65)900000017', 'ATIVO'),
('10000000000018', 'AgroSaúde MT 18', '(65)900000018', 'ATIVO'),
('10000000000019', 'VetMax Center 19', '(65)900000019', 'ATIVO'),
('10000000000020', 'Pantanal Vet Prime 20', '(65)900000020', 'ATIVO'),
('10000000000021', 'BioCattle Brasil 21', '(65)900000021', 'INATIVO'),
('10000000000022', 'BoiTech Brasil 22', '(65)900000022', 'ATIVO'),
('10000000000023', 'AgroSaúde Prime 23', '(65)900000023', 'ATIVO'),
('10000000000024', 'Saúde Bovina MT 24', '(65)900000024', 'ATIVO'),
('10000000000025', 'Pantanal Vet LTDA 25', '(65)900000025', 'ATIVO'),
('10000000000026', 'VetFazenda Farma 26', '(65)900000026', 'ATIVO'),
('10000000000027', 'PrimeCattle Brasil 27', '(65)900000027', 'ATIVO'),
('10000000000028', 'AgroNorte Care 28', '(65)900000028', 'INATIVO'),
('10000000000029', 'BioCattle Saúde Animal 29', '(65)900000029', 'ATIVO'),
('10000000000030', 'Campo Forte Vet 30', '(65)900000030', 'ATIVO'),
('10000000000031', 'AgroNorte Prime 31', '(65)900000031', 'ATIVO'),
('10000000000032', 'Saúde Bovina Center 32', '(65)900000032', 'ATIVO'),
('10000000000033', 'VetFazenda Brasil 33', '(65)900000033', 'ATIVO'),
('10000000000034', 'AgroVet Center 34', '(65)900000034', 'ATIVO'),
('10000000000035', 'Pantanal Vet MT 35', '(65)900000035', 'INATIVO'),
('10000000000036', 'BioCattle Center 36', '(65)900000036', 'ATIVO'),
('10000000000037', 'CattleMed Brasil 37', '(65)900000037', 'ATIVO'),
('10000000000038', 'BoiTech MT 38', '(65)900000038', 'ATIVO'),
('10000000000039', 'NutriVet Prime 39', '(65)900000039', 'ATIVO'),
('10000000000040', 'VetMax Prime 40', '(65)900000040', 'ATIVO'),
('10000000000041', 'AgroSaúde Center 41', '(65)900000041', 'ATIVO'),
('10000000000042', 'AgroLife MT 42', '(65)900000042', 'INATIVO'),
('10000000000043', 'VetFazenda Brasil 43', '(65)900000043', 'ATIVO'),
('10000000000044', 'Saúde Bovina Solutions 44', '(65)900000044', 'ATIVO'),
('10000000000045', 'PrimeCattle Center 45', '(65)900000045', 'ATIVO'),
('10000000000046', 'VetMax Farma 46', '(65)900000046', 'ATIVO'),
('10000000000047', 'BoiTech MT 47', '(65)900000047', 'ATIVO'),
('10000000000048', 'AgroNorte Saúde Animal 48', '(65)900000048', 'ATIVO'),
('10000000000049', 'RuralCare Prime 49', '(65)900000049', 'INATIVO'),
('10000000000050', 'CattleMed LTDA 50', '(65)900000050', 'ATIVO'),
('10000000000051', 'RuralCare LTDA 51', '(65)900000051', 'ATIVO'),
('10000000000052', 'Pantanal Vet Prime 52', '(65)900000052', 'ATIVO'),
('10000000000053', 'BoiTech MT 53', '(65)900000053', 'ATIVO'),
('10000000000054', 'BioCattle Center 54', '(65)900000054', 'ATIVO'),
('10000000000055', 'AgroNorte Vet 55', '(65)900000055', 'ATIVO'),
('10000000000056', 'AgroNorte Prime 56', '(65)900000056', 'INATIVO'),
('10000000000057', 'RuralCare Farma 57', '(65)900000057', 'ATIVO'),
('10000000000058', 'BoiTech Farma 58', '(65)900000058', 'ATIVO'),
('10000000000059', 'VetMax MT 59', '(65)900000059', 'ATIVO'),
('10000000000060', 'VetMax Center 60', '(65)900000060', 'ATIVO'),
('10000000000061', 'VetFazenda Saúde Animal 61', '(65)900000061', 'ATIVO'),
('10000000000062', 'PrimeCattle MT 62', '(65)900000062', 'ATIVO'),
('10000000000063', 'VetFazenda Vet 63', '(65)900000063', 'INATIVO'),
('10000000000064', 'BoiTech Vet 64', '(65)900000064', 'ATIVO'),
('10000000000065', 'BoiTech Prime 65', '(65)900000065', 'ATIVO'),
('10000000000066', 'RuralCare Solutions 66', '(65)900000066', 'ATIVO'),
('10000000000067', 'PrimeCattle Farma 67', '(65)900000067', 'ATIVO'),
('10000000000068', 'BioCattle LTDA 68', '(65)900000068', 'ATIVO'),
('10000000000069', 'CattleMed Brasil 69', '(65)900000069', 'ATIVO'),
('10000000000070', 'VetMax Solutions 70', '(65)900000070', 'INATIVO'),
('10000000000071', 'Pantanal Vet Care 71', '(65)900000071', 'ATIVO'),
('10000000000072', 'Saúde Bovina Brasil 72', '(65)900000072', 'ATIVO'),
('10000000000073', 'BoiTech Care 73', '(65)900000073', 'ATIVO'),
('10000000000074', 'Saúde Bovina Farma 74', '(65)900000074', 'ATIVO'),
('10000000000075', 'PrimeCattle MT 75', '(65)900000075', 'ATIVO'),
('10000000000076', 'PrimeCattle LTDA 76', '(65)900000076', 'ATIVO'),
('10000000000077', 'AgroLife Brasil 77', '(65)900000077', 'INATIVO'),
('10000000000078', 'AgroLife Saúde Animal 78', '(65)900000078', 'ATIVO'),
('10000000000079', 'Pantanal Vet MT 79', '(65)900000079', 'ATIVO'),
('10000000000080', 'Pantanal Vet Prime 80', '(65)900000080', 'ATIVO'),
('10000000000081', 'BioCattle MT 81', '(65)900000081', 'ATIVO'),
('10000000000082', 'BoiTech Solutions 82', '(65)900000082', 'ATIVO'),
('10000000000083', 'NutriVet LTDA 83', '(65)900000083', 'ATIVO'),
('10000000000084', 'VetFazenda MT 84', '(65)900000084', 'INATIVO'),
('10000000000085', 'PrimeCattle Solutions 85', '(65)900000085', 'ATIVO'),
('10000000000086', 'PrimeCattle Brasil 86', '(65)900000086', 'ATIVO'),
('10000000000087', 'CattleMed MT 87', '(65)900000087', 'ATIVO'),
('10000000000088', 'CattleMed Saúde Animal 88', '(65)900000088', 'ATIVO'),
('10000000000089', 'Saúde Bovina Center 89', '(65)900000089', 'ATIVO'),
('10000000000090', 'VetMax Prime 90', '(65)900000090', 'ATIVO'),
('10000000000091', 'Pantanal Vet Solutions 91', '(65)900000091', 'INATIVO'),
('10000000000092', 'PrimeCattle Saúde Animal 92', '(65)900000092', 'ATIVO'),
('10000000000093', 'AgroNorte LTDA 93', '(65)900000093', 'ATIVO'),
('10000000000094', 'Saúde Bovina Prime 94', '(65)900000094', 'ATIVO'),
('10000000000095', 'NutriVet LTDA 95', '(65)900000095', 'ATIVO'),
('10000000000096', 'BioCattle Prime 96', '(65)900000096', 'ATIVO'),
('10000000000097', 'AgroNorte MT 97', '(65)900000097', 'ATIVO'),
('10000000000098', 'RuralCare LTDA 98', '(65)900000098', 'INATIVO'),
('10000000000099', 'RuralCare Vet 99', '(65)900000099', 'ATIVO'),
('10000000000100', 'BioCattle Brasil 100', '(65)900000100', 'ATIVO');

-- FORNECEDOR_VACINA (12 registros — todos de fornecedores ATIVO,
-- todos com vencimento em data futura -> passam na RN02/RN06/RN07)
INSERT INTO fornecedor_vacina (vacina_id, fornecedor_id, quantidade, data_vencimento) VALUES
(1, 1, 500, '2028-12-31'),
(2, 2, 400, '2028-11-30'),
(3, 3, 300, '2028-10-31'),
(1, 4, 600, '2028-09-30'),
(2, 5, 350, '2028-08-31'),
(3, 6, 450, '2028-07-31'),
(1, 7, 500, '2028-06-30'),
(2, 8, 420, '2028-05-31'),
(3, 9, 380, '2028-04-30'),
(4, 10, 200, '2027-12-31'),
(1, 1, 300, '2029-01-31'),
(4, 2, 150, '2027-06-30');

-- CLIENTE (100 registros — ids 1 a 90 são ATIVO de propósito,
-- pois serão usados nas vendas)
INSERT INTO cliente (cnpj, nome, telefone, status) VALUES
('20000000000001', 'Agro Export Brasil 1', '(65)900000001', 'ATIVO'),
('20000000000002', 'Pantanal Meat LTDA 2', '(65)900000002', 'ATIVO'),
('20000000000003', 'Cattle Trade Trading 3', '(65)900000003', 'ATIVO'),
('20000000000004', 'Pantanal Meat LTDA 4', '(65)900000004', 'ATIVO'),
('20000000000005', 'Rural Beef MT 5', '(65)900000005', 'ATIVO'),
('20000000000006', 'Cattle Export Solutions 6', '(65)900000006', 'ATIVO'),
('20000000000007', 'Fazenda MT 7', '(65)900000007', 'ATIVO'),
('20000000000008', 'Fazenda Comércio 8', '(65)900000008', 'ATIVO'),
('20000000000009', 'Boi Forte Group 9', '(65)900000009', 'ATIVO'),
('20000000000010', 'Agro Export MT 10', '(65)900000010', 'ATIVO'),
('20000000000011', 'Agro Export Brasil 11', '(65)900000011', 'ATIVO'),
('20000000000012', 'Fazenda Export 12', '(65)900000012', 'ATIVO'),
('20000000000013', 'AgroBoi Group 13', '(65)900000013', 'ATIVO'),
('20000000000014', 'Frigorífico Premium 14', '(65)900000014', 'ATIVO'),
('20000000000015', 'Pantanal Meat Export 15', '(65)900000015', 'ATIVO'),
('20000000000016', 'Cattle Export Export 16', '(65)900000016', 'ATIVO'),
('20000000000017', 'Frigorífico Brasil 17', '(65)900000017', 'ATIVO'),
('20000000000018', 'Frigorífico Export 18', '(65)900000018', 'ATIVO'),
('20000000000019', 'AgroBoi Norte 19', '(65)900000019', 'ATIVO'),
('20000000000020', 'MT Carnes Brasil 20', '(65)900000020', 'ATIVO'),
('20000000000021', 'Pantanal Meat Export 21', '(65)900000021', 'ATIVO'),
('20000000000022', 'Rural Beef Trading 22', '(65)900000022', 'ATIVO'),
('20000000000023', 'Fazenda MT 23', '(65)900000023', 'ATIVO'),
('20000000000024', 'Cattle Trade Premium 24', '(65)900000024', 'ATIVO'),
('20000000000025', 'Cattle Export Trading 25', '(65)900000025', 'ATIVO'),
('20000000000026', 'Fazenda Trading 26', '(65)900000026', 'ATIVO'),
('20000000000027', 'Boi Forte Export 27', '(65)900000027', 'ATIVO'),
('20000000000028', 'AgroBoi Brasil 28', '(65)900000028', 'ATIVO'),
('20000000000029', 'Boi Forte Group 29', '(65)900000029', 'ATIVO'),
('20000000000030', 'Boi Forte Solutions 30', '(65)900000030', 'ATIVO'),
('20000000000031', 'Agro Export Norte 31', '(65)900000031', 'ATIVO'),
('20000000000032', 'AgroBoi Norte 32', '(65)900000032', 'ATIVO'),
('20000000000033', 'Boi Forte Group 33', '(65)900000033', 'ATIVO'),
('20000000000034', 'AgroBoi Export 34', '(65)900000034', 'ATIVO'),
('20000000000035', 'Fazenda Export 35', '(65)900000035', 'ATIVO'),
('20000000000036', 'Pantanal Meat Trading 36', '(65)900000036', 'ATIVO'),
('20000000000037', 'Cattle Trade Solutions 37', '(65)900000037', 'ATIVO'),
('20000000000038', 'Cattle Trade Comércio 38', '(65)900000038', 'ATIVO'),
('20000000000039', 'Agro Export Export 39', '(65)900000039', 'ATIVO'),
('20000000000040', 'AgroBoi Trading 40', '(65)900000040', 'ATIVO'),
('20000000000041', 'Pantanal Meat Brasil 41', '(65)900000041', 'ATIVO'),
('20000000000042', 'Frigorífico MT 42', '(65)900000042', 'ATIVO'),
('20000000000043', 'Frigorífico Brasil 43', '(65)900000043', 'ATIVO'),
('20000000000044', 'Fazenda LTDA 44', '(65)900000044', 'ATIVO'),
('20000000000045', 'Boi Forte Trading 45', '(65)900000045', 'ATIVO'),
('20000000000046', 'Agro Export Export 46', '(65)900000046', 'ATIVO'),
('20000000000047', 'Boi Forte Norte 47', '(65)900000047', 'ATIVO'),
('20000000000048', 'Cattle Trade Solutions 48', '(65)900000048', 'ATIVO'),
('20000000000049', 'Frigorífico Solutions 49', '(65)900000049', 'ATIVO'),
('20000000000050', 'Rural Beef Trading 50', '(65)900000050', 'ATIVO'),
('20000000000051', 'Rural Beef Solutions 51', '(65)900000051', 'ATIVO'),
('20000000000052', 'Pantanal Meat Trading 52', '(65)900000052', 'ATIVO'),
('20000000000053', 'Cattle Trade Export 53', '(65)900000053', 'ATIVO'),
('20000000000054', 'Rural Beef Export 54', '(65)900000054', 'ATIVO'),
('20000000000055', 'Frigorífico Premium 55', '(65)900000055', 'ATIVO'),
('20000000000056', 'Pantanal Meat Norte 56', '(65)900000056', 'ATIVO'),
('20000000000057', 'MT Carnes Norte 57', '(65)900000057', 'ATIVO'),
('20000000000058', 'Frigorífico Premium 58', '(65)900000058', 'ATIVO'),
('20000000000059', 'Agro Export MT 59', '(65)900000059', 'ATIVO'),
('20000000000060', 'Pantanal Meat LTDA 60', '(65)900000060', 'ATIVO'),
('20000000000061', 'Frigorífico MT 61', '(65)900000061', 'ATIVO'),
('20000000000062', 'AgroBoi LTDA 62', '(65)900000062', 'ATIVO'),
('20000000000063', 'AgroBoi Premium 63', '(65)900000063', 'ATIVO'),
('20000000000064', 'AgroBoi Export 64', '(65)900000064', 'ATIVO'),
('20000000000065', 'Boi Forte Brasil 65', '(65)900000065', 'ATIVO'),
('20000000000066', 'Cattle Export Export 66', '(65)900000066', 'ATIVO'),
('20000000000067', 'Cattle Export Premium 67', '(65)900000067', 'ATIVO'),
('20000000000068', 'Frigorífico Premium 68', '(65)900000068', 'ATIVO'),
('20000000000069', 'AgroBoi Solutions 69', '(65)900000069', 'ATIVO'),
('20000000000070', 'Cattle Export Premium 70', '(65)900000070', 'ATIVO'),
('20000000000071', 'Pantanal Meat Group 71', '(65)900000071', 'ATIVO'),
('20000000000072', 'Rural Beef Export 72', '(65)900000072', 'ATIVO'),
('20000000000073', 'MT Carnes Export 73', '(65)900000073', 'ATIVO'),
('20000000000074', 'Rural Beef Solutions 74', '(65)900000074', 'ATIVO'),
('20000000000075', 'Cattle Trade Comércio 75', '(65)900000075', 'ATIVO'),
('20000000000076', 'Agro Export Group 76', '(65)900000076', 'ATIVO'),
('20000000000077', 'AgroBoi Norte 77', '(65)900000077', 'ATIVO'),
('20000000000078', 'Agro Export Premium 78', '(65)900000078', 'ATIVO'),
('20000000000079', 'Cattle Export Brasil 79', '(65)900000079', 'ATIVO'),
('20000000000080', 'AgroBoi MT 80', '(65)900000080', 'ATIVO'),
('20000000000081', 'Fazenda MT 81', '(65)900000081', 'ATIVO'),
('20000000000082', 'Rural Beef LTDA 82', '(65)900000082', 'ATIVO'),
('20000000000083', 'MT Carnes Brasil 83', '(65)900000083', 'ATIVO'),
('20000000000084', 'Fazenda Group 84', '(65)900000084', 'ATIVO'),
('20000000000085', 'Rural Beef LTDA 85', '(65)900000085', 'ATIVO'),
('20000000000086', 'Agro Export MT 86', '(65)900000086', 'ATIVO'),
('20000000000087', 'Rural Beef Premium 87', '(65)900000087', 'ATIVO'),
('20000000000088', 'Pantanal Meat Norte 88', '(65)900000088', 'ATIVO'),
('20000000000089', 'Pantanal Meat Comércio 89', '(65)900000089', 'ATIVO'),
('20000000000090', 'AgroBoi LTDA 90', '(65)900000090', 'ATIVO'),
('20000000000091', 'Rural Beef Brasil 91', '(65)900000091', 'INATIVO'),
('20000000000092', 'AgroBoi MT 92', '(65)900000092', 'INATIVO'),
('20000000000093', 'Cattle Trade Comércio 93', '(65)900000093', 'INATIVO'),
('20000000000094', 'Rural Beef Premium 94', '(65)900000094', 'INATIVO'),
('20000000000095', 'Fazenda Group 95', '(65)900000095', 'INATIVO'),
('20000000000096', 'Fazenda Comércio 96', '(65)900000096', 'INATIVO'),
('20000000000097', 'Pantanal Meat Trading 97', '(65)900000097', 'INATIVO'),
('20000000000098', 'Rural Beef Norte 98', '(65)900000098', 'INATIVO'),
('20000000000099', 'AgroBoi Solutions 99', '(65)900000099', 'INATIVO'),
('20000000000100', 'Rural Beef Norte 100', '(65)900000100', 'INATIVO');

-- ANIMAL (100 registros — todos nascidos até 2023-06-30, garantindo
-- idade >= 24 meses em qualquer venda registrada em 2026 -> RN04 ok)
INSERT INTO animal (raca, data_nascimento, peso, sexo, status) VALUES
('Angus', '2019-02-07', 383.7, 'F', 'DISPONIVEL'),
('Brahman', '2019-03-16', 387.4, 'M', 'DISPONIVEL'),
('Gir', '2019-04-22', 391.1, 'F', 'DISPONIVEL'),
('Nelore', '2019-05-29', 394.8, 'M', 'DISPONIVEL'),
('Angus', '2019-07-05', 398.5, 'F', 'DISPONIVEL'),
('Brahman', '2019-08-11', 402.2, 'M', 'DISPONIVEL'),
('Gir', '2019-09-17', 405.9, 'F', 'DISPONIVEL'),
('Nelore', '2019-10-24', 409.6, 'M', 'DISPONIVEL'),
('Angus', '2019-11-30', 413.3, 'F', 'DISPONIVEL'),
('Brahman', '2020-01-06', 417.0, 'M', 'DISPONIVEL'),
('Gir', '2020-02-12', 420.7, 'F', 'DISPONIVEL'),
('Nelore', '2020-03-20', 424.4, 'M', 'DISPONIVEL'),
('Angus', '2020-04-26', 428.1, 'F', 'DISPONIVEL'),
('Brahman', '2020-06-02', 431.8, 'M', 'DISPONIVEL'),
('Gir', '2020-07-09', 435.5, 'F', 'DISPONIVEL'),
('Nelore', '2020-08-15', 439.2, 'M', 'DISPONIVEL'),
('Angus', '2020-09-21', 442.9, 'F', 'DISPONIVEL'),
('Brahman', '2020-10-28', 446.6, 'M', 'DISPONIVEL'),
('Gir', '2020-12-04', 450.3, 'F', 'DISPONIVEL'),
('Nelore', '2021-01-10', 454.0, 'M', 'DISPONIVEL'),
('Angus', '2021-02-16', 457.7, 'F', 'DISPONIVEL'),
('Brahman', '2021-03-25', 461.4, 'M', 'DISPONIVEL'),
('Gir', '2021-05-01', 465.1, 'F', 'DISPONIVEL'),
('Nelore', '2021-06-07', 468.8, 'M', 'DISPONIVEL'),
('Angus', '2021-07-14', 472.5, 'F', 'DISPONIVEL'),
('Brahman', '2021-08-20', 476.2, 'M', 'DISPONIVEL'),
('Gir', '2021-09-26', 479.9, 'F', 'DISPONIVEL'),
('Nelore', '2021-11-02', 483.6, 'M', 'DISPONIVEL'),
('Angus', '2021-12-09', 487.3, 'F', 'DISPONIVEL'),
('Brahman', '2022-01-15', 491.0, 'M', 'DISPONIVEL'),
('Gir', '2022-02-21', 494.7, 'F', 'DISPONIVEL'),
('Nelore', '2022-03-30', 498.4, 'M', 'DISPONIVEL'),
('Angus', '2022-05-06', 502.1, 'F', 'DISPONIVEL'),
('Brahman', '2022-06-12', 505.8, 'M', 'DISPONIVEL'),
('Gir', '2022-07-19', 509.5, 'F', 'DISPONIVEL'),
('Nelore', '2022-08-25', 513.2, 'M', 'DISPONIVEL'),
('Angus', '2022-10-01', 516.9, 'F', 'DISPONIVEL'),
('Brahman', '2022-11-07', 520.6, 'M', 'DISPONIVEL'),
('Gir', '2022-12-14', 524.3, 'F', 'DISPONIVEL'),
('Nelore', '2023-01-20', 528.0, 'M', 'DISPONIVEL'),
('Angus', '2023-02-26', 531.7, 'F', 'DISPONIVEL'),
('Brahman', '2023-04-04', 535.4, 'M', 'DISPONIVEL'),
('Gir', '2023-05-11', 539.1, 'F', 'DISPONIVEL'),
('Nelore', '2023-06-17', 542.8, 'M', 'DISPONIVEL'),
('Angus', '2019-01-25', 546.5, 'F', 'DISPONIVEL'),
('Brahman', '2019-03-03', 550.2, 'M', 'DISPONIVEL'),
('Gir', '2019-04-09', 553.9, 'F', 'DISPONIVEL'),
('Nelore', '2019-05-16', 557.6, 'M', 'DISPONIVEL'),
('Angus', '2019-06-22', 561.3, 'F', 'DISPONIVEL'),
('Brahman', '2019-07-29', 565.0, 'M', 'DISPONIVEL'),
('Gir', '2019-09-04', 568.7, 'F', 'DISPONIVEL'),
('Nelore', '2019-10-11', 572.4, 'M', 'DISPONIVEL'),
('Angus', '2019-11-17', 576.1, 'F', 'DISPONIVEL'),
('Brahman', '2019-12-24', 579.8, 'M', 'DISPONIVEL'),
('Gir', '2020-01-30', 583.5, 'F', 'DISPONIVEL'),
('Nelore', '2020-03-07', 587.2, 'M', 'DISPONIVEL'),
('Angus', '2020-04-13', 590.9, 'F', 'DISPONIVEL'),
('Brahman', '2020-05-20', 594.6, 'M', 'DISPONIVEL'),
('Gir', '2020-06-26', 598.3, 'F', 'DISPONIVEL'),
('Nelore', '2020-08-02', 602.0, 'M', 'DISPONIVEL'),
('Angus', '2020-09-08', 605.7, 'F', 'DISPONIVEL'),
('Brahman', '2020-10-15', 609.4, 'M', 'DISPONIVEL'),
('Gir', '2020-11-21', 613.1, 'F', 'DISPONIVEL'),
('Nelore', '2020-12-28', 616.8, 'M', 'DISPONIVEL'),
('Angus', '2021-02-03', 620.5, 'F', 'DISPONIVEL'),
('Brahman', '2021-03-12', 624.2, 'M', 'DISPONIVEL'),
('Gir', '2021-04-18', 627.9, 'F', 'DISPONIVEL'),
('Nelore', '2021-05-25', 631.6, 'M', 'DISPONIVEL'),
('Angus', '2021-07-01', 635.3, 'F', 'DISPONIVEL'),
('Brahman', '2021-08-07', 639.0, 'M', 'DISPONIVEL'),
('Gir', '2021-09-13', 642.7, 'F', 'DISPONIVEL'),
('Nelore', '2021-10-20', 646.4, 'M', 'DISPONIVEL'),
('Angus', '2021-11-26', 650.1, 'F', 'DISPONIVEL'),
('Brahman', '2022-01-02', 653.8, 'M', 'DISPONIVEL'),
('Gir', '2022-02-08', 657.5, 'F', 'DISPONIVEL'),
('Nelore', '2022-03-17', 661.2, 'M', 'DISPONIVEL'),
('Angus', '2022-04-23', 664.9, 'F', 'DISPONIVEL'),
('Brahman', '2022-05-30', 668.6, 'M', 'DISPONIVEL'),
('Gir', '2022-07-06', 672.3, 'F', 'DISPONIVEL'),
('Nelore', '2022-08-12', 676.0, 'M', 'DISPONIVEL'),
('Angus', '2022-09-18', 679.7, 'F', 'DISPONIVEL'),
('Brahman', '2022-10-25', 683.4, 'M', 'DISPONIVEL'),
('Gir', '2022-12-01', 687.1, 'F', 'DISPONIVEL'),
('Nelore', '2023-01-07', 690.8, 'M', 'DISPONIVEL'),
('Angus', '2023-02-13', 694.5, 'F', 'DISPONIVEL'),
('Brahman', '2023-03-22', 698.2, 'M', 'DISPONIVEL'),
('Gir', '2023-04-28', 701.9, 'F', 'DISPONIVEL'),
('Nelore', '2023-06-04', 705.6, 'M', 'DISPONIVEL'),
('Angus', '2019-01-12', 709.3, 'F', 'DISPONIVEL'),
('Brahman', '2019-02-18', 713.0, 'M', 'DISPONIVEL'),
('Gir', '2019-03-27', 716.7, 'F', 'DISPONIVEL'),
('Nelore', '2019-05-03', 720.4, 'M', 'DISPONIVEL'),
('Angus', '2019-06-09', 724.1, 'F', 'DISPONIVEL'),
('Brahman', '2019-07-16', 727.8, 'M', 'DISPONIVEL'),
('Gir', '2019-08-22', 381.5, 'F', 'DISPONIVEL'),
('Nelore', '2019-09-28', 385.2, 'M', 'DISPONIVEL'),
('Angus', '2019-11-04', 388.9, 'F', 'DISPONIVEL'),
('Brahman', '2019-12-11', 392.6, 'M', 'DISPONIVEL'),
('Gir', '2020-01-17', 396.3, 'F', 'DISPONIVEL'),
('Nelore', '2020-02-23', 400.0, 'M', 'DISPONIVEL');

-- VACINA_HISTORICO (100 registros — 1 vacina obrigatória por animal,
-- sempre aplicada por veterinário -> RN01/RN02/RN03 ok)
INSERT INTO vacina_historico (fornecedor_vacina_id, animal_id, funcionario_id, data_vacinacao, observacao) VALUES
(1, 1, 1, '2024-01-15', 'Vacinação de rotina'),
(2, 2, 2, '2024-01-20', 'Vacinação de rotina'),
(3, 3, 3, '2024-01-25', 'Vacinação de rotina'),
(4, 4, 1, '2024-01-30', 'Vacinação de rotina'),
(5, 5, 2, '2024-02-04', 'Vacinação de rotina'),
(6, 6, 3, '2024-02-09', 'Vacinação de rotina'),
(7, 7, 1, '2024-02-14', 'Vacinação de rotina'),
(8, 8, 2, '2024-02-19', 'Vacinação de rotina'),
(9, 9, 3, '2024-02-24', 'Vacinação de rotina'),
(1, 10, 1, '2024-02-29', 'Vacinação de rotina'),
(2, 11, 2, '2024-03-05', 'Vacinação de rotina'),
(3, 12, 3, '2024-03-10', 'Vacinação de rotina'),
(4, 13, 1, '2024-03-15', 'Vacinação de rotina'),
(5, 14, 2, '2024-03-20', 'Vacinação de rotina'),
(6, 15, 3, '2024-03-25', 'Vacinação de rotina'),
(7, 16, 1, '2024-03-30', 'Vacinação de rotina'),
(8, 17, 2, '2024-04-04', 'Vacinação de rotina'),
(9, 18, 3, '2024-04-09', 'Vacinação de rotina'),
(1, 19, 1, '2024-04-14', 'Vacinação de rotina'),
(2, 20, 2, '2024-04-19', 'Vacinação de rotina'),
(3, 21, 3, '2024-04-24', 'Vacinação de rotina'),
(4, 22, 1, '2024-04-29', 'Vacinação de rotina'),
(5, 23, 2, '2024-05-04', 'Vacinação de rotina'),
(6, 24, 3, '2024-05-09', 'Vacinação de rotina'),
(7, 25, 1, '2024-05-14', 'Vacinação de rotina'),
(8, 26, 2, '2024-05-19', 'Vacinação de rotina'),
(9, 27, 3, '2024-05-24', 'Vacinação de rotina'),
(1, 28, 1, '2024-05-29', 'Vacinação de rotina'),
(2, 29, 2, '2024-06-03', 'Vacinação de rotina'),
(3, 30, 3, '2024-06-08', 'Vacinação de rotina'),
(4, 31, 1, '2024-06-13', 'Vacinação de rotina'),
(5, 32, 2, '2024-06-18', 'Vacinação de rotina'),
(6, 33, 3, '2024-06-23', 'Vacinação de rotina'),
(7, 34, 1, '2024-06-28', 'Vacinação de rotina'),
(8, 35, 2, '2024-07-03', 'Vacinação de rotina'),
(9, 36, 3, '2024-07-08', 'Vacinação de rotina'),
(1, 37, 1, '2024-07-13', 'Vacinação de rotina'),
(2, 38, 2, '2024-07-18', 'Vacinação de rotina'),
(3, 39, 3, '2024-07-23', 'Vacinação de rotina'),
(4, 40, 1, '2024-07-28', 'Vacinação de rotina'),
(5, 41, 2, '2024-08-02', 'Vacinação de rotina'),
(6, 42, 3, '2024-08-07', 'Vacinação de rotina'),
(7, 43, 1, '2024-08-12', 'Vacinação de rotina'),
(8, 44, 2, '2024-08-17', 'Vacinação de rotina'),
(9, 45, 3, '2024-08-22', 'Vacinação de rotina'),
(1, 46, 1, '2024-08-27', 'Vacinação de rotina'),
(2, 47, 2, '2024-09-01', 'Vacinação de rotina'),
(3, 48, 3, '2024-09-06', 'Vacinação de rotina'),
(4, 49, 1, '2024-09-11', 'Vacinação de rotina'),
(5, 50, 2, '2024-09-16', 'Vacinação de rotina'),
(6, 51, 3, '2024-09-21', 'Vacinação de rotina'),
(7, 52, 1, '2024-09-26', 'Vacinação de rotina'),
(8, 53, 2, '2024-10-01', 'Vacinação de rotina'),
(9, 54, 3, '2024-10-06', 'Vacinação de rotina'),
(1, 55, 1, '2024-10-11', 'Vacinação de rotina'),
(2, 56, 2, '2024-10-16', 'Vacinação de rotina'),
(3, 57, 3, '2024-10-21', 'Vacinação de rotina'),
(4, 58, 1, '2024-10-26', 'Vacinação de rotina'),
(5, 59, 2, '2024-10-31', 'Vacinação de rotina'),
(6, 60, 3, '2024-11-05', 'Vacinação de rotina'),
(7, 61, 1, '2024-11-10', 'Vacinação de rotina'),
(8, 62, 2, '2024-11-15', 'Vacinação de rotina'),
(9, 63, 3, '2024-11-20', 'Vacinação de rotina'),
(1, 64, 1, '2024-11-25', 'Vacinação de rotina'),
(2, 65, 2, '2024-11-30', 'Vacinação de rotina'),
(3, 66, 3, '2024-12-05', 'Vacinação de rotina'),
(4, 67, 1, '2024-12-10', 'Vacinação de rotina'),
(5, 68, 2, '2024-12-15', 'Vacinação de rotina'),
(6, 69, 3, '2024-12-20', 'Vacinação de rotina'),
(7, 70, 1, '2024-12-25', 'Vacinação de rotina'),
(8, 71, 2, '2024-12-30', 'Vacinação de rotina'),
(9, 72, 3, '2025-01-04', 'Vacinação de rotina'),
(1, 73, 1, '2025-01-09', 'Vacinação de rotina'),
(2, 74, 2, '2025-01-14', 'Vacinação de rotina'),
(3, 75, 3, '2025-01-19', 'Vacinação de rotina'),
(4, 76, 1, '2025-01-24', 'Vacinação de rotina'),
(5, 77, 2, '2025-01-29', 'Vacinação de rotina'),
(6, 78, 3, '2025-02-03', 'Vacinação de rotina'),
(7, 79, 1, '2025-02-08', 'Vacinação de rotina'),
(8, 80, 2, '2025-02-13', 'Vacinação de rotina'),
(9, 81, 3, '2025-02-18', 'Vacinação de rotina'),
(1, 82, 1, '2025-02-23', 'Vacinação de rotina'),
(2, 83, 2, '2025-02-28', 'Vacinação de rotina'),
(3, 84, 3, '2025-03-05', 'Vacinação de rotina'),
(4, 85, 1, '2025-03-10', 'Vacinação de rotina'),
(5, 86, 2, '2025-03-15', 'Vacinação de rotina'),
(6, 87, 3, '2025-03-20', 'Vacinação de rotina'),
(7, 88, 1, '2025-03-25', 'Vacinação de rotina'),
(8, 89, 2, '2025-03-30', 'Vacinação de rotina'),
(9, 90, 3, '2025-04-04', 'Vacinação de rotina'),
(1, 91, 1, '2025-04-09', 'Vacinação de rotina'),
(2, 92, 2, '2025-04-14', 'Vacinação de rotina'),
(3, 93, 3, '2025-04-19', 'Vacinação de rotina'),
(4, 94, 1, '2025-04-24', 'Vacinação de rotina'),
(5, 95, 2, '2025-04-29', 'Vacinação de rotina'),
(6, 96, 3, '2025-05-04', 'Vacinação de rotina'),
(7, 97, 1, '2025-05-09', 'Vacinação de rotina'),
(8, 98, 2, '2025-05-14', 'Vacinação de rotina'),
(9, 99, 3, '2025-05-19', 'Vacinação de rotina'),
(1, 100, 1, '2025-05-24', 'Vacinação de rotina');

-- VENDA (100 registros — todos os animais têm idade e vacina ok,
-- todos os clientes usados são ATIVO -> RN04/RN03/RN05/RN08 ok)
INSERT INTO venda (animal_id, cliente_id, valor, data_venda) VALUES
(1, 1, 3527.3, '2026-01-06'),
(2, 2, 3554.6, '2026-01-07'),
(3, 3, 3581.9, '2026-01-08'),
(4, 4, 3609.2, '2026-01-09'),
(5, 5, 3636.5, '2026-01-10'),
(6, 6, 3663.8, '2026-01-11'),
(7, 7, 3691.1, '2026-01-12'),
(8, 8, 3718.4, '2026-01-13'),
(9, 9, 3745.7, '2026-01-14'),
(10, 10, 3773.0, '2026-01-15'),
(11, 11, 3800.3, '2026-01-16'),
(12, 12, 3827.6, '2026-01-17'),
(13, 13, 3854.9, '2026-01-18'),
(14, 14, 3882.2, '2026-01-19'),
(15, 15, 3909.5, '2026-01-20'),
(16, 16, 3936.8, '2026-01-21'),
(17, 17, 3964.1, '2026-01-22'),
(18, 18, 3991.4, '2026-01-23'),
(19, 19, 4018.7, '2026-01-24'),
(20, 20, 4046.0, '2026-01-25'),
(21, 21, 4073.3, '2026-01-26'),
(22, 22, 4100.6, '2026-01-27'),
(23, 23, 4127.9, '2026-01-28'),
(24, 24, 4155.2, '2026-01-29'),
(25, 25, 4182.5, '2026-01-30'),
(26, 26, 4209.8, '2026-01-31'),
(27, 27, 4237.1, '2026-02-01'),
(28, 28, 4264.4, '2026-02-02'),
(29, 29, 4291.7, '2026-02-03'),
(30, 30, 4319.0, '2026-02-04'),
(31, 31, 4346.3, '2026-02-05'),
(32, 32, 4373.6, '2026-02-06'),
(33, 33, 4400.9, '2026-02-07'),
(34, 34, 4428.2, '2026-02-08'),
(35, 35, 4455.5, '2026-02-09'),
(36, 36, 4482.8, '2026-02-10'),
(37, 37, 4510.1, '2026-02-11'),
(38, 38, 4537.4, '2026-02-12'),
(39, 39, 4564.7, '2026-02-13'),
(40, 40, 4592.0, '2026-02-14'),
(41, 41, 4619.3, '2026-02-15'),
(42, 42, 4646.6, '2026-02-16'),
(43, 43, 4673.9, '2026-02-17'),
(44, 44, 4701.2, '2026-02-18'),
(45, 45, 4728.5, '2026-02-19'),
(46, 46, 4755.8, '2026-02-20'),
(47, 47, 4783.1, '2026-02-21'),
(48, 48, 4810.4, '2026-02-22'),
(49, 49, 4837.7, '2026-02-23'),
(50, 50, 4865.0, '2026-02-24'),
(51, 51, 4892.3, '2026-02-25'),
(52, 52, 4919.6, '2026-02-26'),
(53, 53, 4946.9, '2026-02-27'),
(54, 54, 4974.2, '2026-02-28'),
(55, 55, 5001.5, '2026-03-01'),
(56, 56, 5028.8, '2026-03-02'),
(57, 57, 5056.1, '2026-03-03'),
(58, 58, 5083.4, '2026-03-04'),
(59, 59, 5110.7, '2026-03-05'),
(60, 60, 5138.0, '2026-03-06'),
(61, 61, 5165.3, '2026-03-07'),
(62, 62, 5192.6, '2026-03-08'),
(63, 63, 5219.9, '2026-03-09'),
(64, 64, 5247.2, '2026-03-10'),
(65, 65, 5274.5, '2026-03-11'),
(66, 66, 5301.8, '2026-03-12'),
(67, 67, 5329.1, '2026-03-13'),
(68, 68, 5356.4, '2026-03-14'),
(69, 69, 5383.7, '2026-03-15'),
(70, 70, 5411.0, '2026-03-16'),
(71, 71, 5438.3, '2026-03-17'),
(72, 72, 5465.6, '2026-03-18'),
(73, 73, 5492.9, '2026-03-19'),
(74, 74, 5520.2, '2026-03-20'),
(75, 75, 5547.5, '2026-03-21'),
(76, 76, 5574.8, '2026-03-22'),
(77, 77, 5602.1, '2026-03-23'),
(78, 78, 5629.4, '2026-03-24'),
(79, 79, 5656.7, '2026-03-25'),
(80, 80, 5684.0, '2026-03-26'),
(81, 81, 5711.3, '2026-03-27'),
(82, 82, 5738.6, '2026-03-28'),
(83, 83, 5765.9, '2026-03-29'),
(84, 84, 5793.2, '2026-03-30'),
(85, 85, 5820.5, '2026-03-31'),
(86, 86, 5847.8, '2026-04-01'),
(87, 87, 5875.1, '2026-04-02'),
(88, 88, 5902.4, '2026-04-03'),
(89, 89, 5929.7, '2026-04-04'),
(90, 90, 5957.0, '2026-04-05'),
(91, 1, 5984.3, '2026-04-06'),
(92, 2, 6011.6, '2026-04-07'),
(93, 3, 6038.9, '2026-04-08'),
(94, 4, 6066.2, '2026-04-09'),
(95, 5, 6093.5, '2026-04-10'),
(96, 6, 6120.8, '2026-04-11'),
(97, 7, 6148.1, '2026-04-12'),
(98, 8, 6175.4, '2026-04-13'),
(99, 9, 6202.7, '2026-04-14'),
(100, 10, 6230.0, '2026-04-15');

-- ============================================================
-- UPDATE DE SEGURANÇA
-- Sincroniza o status caso este script tenha sido executado
-- SEM as triggers ainda ativas (ex.: rodado logo após o esquema).
-- Se as triggers já estavam ativas, este UPDATE não altera nada,
-- pois o status já foi setado corretamente pela venda_trg.
-- ============================================================
UPDATE animal a
JOIN venda v ON v.animal_id = a.id
SET a.status = 'VENDIDO'
WHERE a.status <> 'VENDIDO';